SID,email (inherited),belt,gender,age,emergency_contact,emergency_contact_number
1,ijackson@hotmail.com,green,,11,,
2,burns@sbcglobal.net,white,,16,,
3,bbirth@att.net,red,,7,,
4,mlewan@sbcglobal.net,green,,18,,
5,ducasse@verizon.net,white,,19,,
6,cameron@gmail.com,yellow,,16,,
7,noneme@aol.com,red,,19,,
8,johndo@aol.com,white,,7,,
9,sbmrjbr@outlook.com,white,,12,,
10,kmiller@yahoo.com,yellow,,14,,
11,heroine@comcast.net,black,,17,,
12,slanglois@outlook.com,red,,11,,
13,erynf@msn.com,white,,18,,
14,jbearp@hotmail.com,green,,16,,
15,madler@sbcglobal.net,green,,11,,
16,pontipak@yahoo.ca,white,,8,,
17,lamprecht@mac.com,white,,34,,
18,gavollink@me.com,white,,4,,
19,manuals@comcast.net,yellow,,18,,
20,gknauss@hotmail.com,yellow,,18,,
21,johnh@me.com,yellow,,6,,
22,jesse@outlook.com,blue,,5,,
23,ateniese@mac.com,red,,15,,
24,philb@icloud.com,yellow,,3,,
25,marnanel@live.com,green,,6,,
26,dobey@msn.com,black,,29,,
27,wikinerd@outlook.com,green,,9,,
28,martink@gmail.com,green,,4,,
29,schwaang@aol.com,white,,7,,
30,paina@sbcglobal.net,green,,17,,
31,bahwi@hotmail.com,white,,3,,
32,crobles@comcast.net,red,,17,,
33,eabrown@outlook.com,green,,6,,
34,melnik@hotmail.com,blue,,6,,
35,jbarta@msn.com,white,,4,,
36,graham@verizon.net,blue,,12,,
37,tkrotchko@yahoo.ca,white,,8,,
38,harryh@me.com,yellow,,16,,
39,skippy@yahoo.com,yellow,,15,,
40,neonatus@outlook.com,yellow,,34,,
41,bester@msn.com,yellow,,15,,
42,cyrus@hotmail.com,yellow,,13,,
43,maneesh@yahoo.ca,yellow,,37,,
44,afeldspar@comcast.net,green,,11,,
45,scotfl@comcast.net,white,,14,,
46,shawnce@outlook.com,yellow,,16,,
47,qmacro@comcast.net,green,,18,,
48,gravyface@yahoo.ca,black,,13,,
49,hling@msn.com,white,,4,,
50,epeeist@yahoo.com,yellow,,9,,
51,north@hotmail.com,red,,20,,
52,jmmuller@aol.com,yellow,,4,,
53,duchamp@icloud.com,yellow,,14,,
54,plover@mac.com,white,,17,,
55,choset@verizon.net,yellow,,8,,
56,padme@verizon.net,white,,17,,
57,trygstad@hotmail.com,white,,8,,
58,djupedal@live.com,green,,3,,
59,mhouston@hotmail.com,green,,20,,
60,sharon@gmail.com,blue,,23,,
61,barlow@yahoo.com,black,,5,,
62,rattenbt@yahoo.com,black,,9,,
63,hstiles@optonline.net,black,,26,,
64,sisyphus@live.com,green,,29,,
65,martyloo@yahoo.com,white,,20,,
66,stakasa@live.com,red,,8,,
67,garland@me.com,green,,6,,
68,william@gmail.com,green,,8,,
69,weidai@verizon.net,red,,4,,
70,sjmuir@aol.com,red,,9,,
71,milton@comcast.net,white,,13,,
72,geoffr@mac.com,white,,16,,
73,dawnsong@verizon.net,green,,37,,
74,facet@sbcglobal.net,green,,16,,
75,studyabr@mac.com,green,,19,,
76,jhardin@verizon.net,green,,10,,
77,munjal@mac.com,green,,15,,
78,sonnen@msn.com,blue,,6,,
79,petersen@yahoo.com,green,,3,,
80,seanq@me.com,white,,3,,
81,jnolan@outlook.com,black,,4,,
82,bockelboy@yahoo.com,green,,17,,
83,mfleming@sbcglobal.net,white,,17,,
84,mnemonic@yahoo.com,red,,6,,
85,bartlett@verizon.net,white,,17,,
86,zwood@aol.com,blue,,9,,
87,maradine@live.com,white,,31,,
88,dalamb@att.net,yellow,,12,,
89,ivoibs@gmail.com,yellow,,13,,
90,geeber@gmail.com,red,,5,,
91,papathan@gmail.com,green,,17,,
92,rtanter@hotmail.com,white,,23,,
93,dkasak@mac.com,white,,20,,
94,jmmuller@verizon.net,red,,20,,
95,thomasj@verizon.net,yellow,,12,,
96,mobileip@live.com,green,,33,,
97,cgarcia@aol.com,black,,16,,
98,cmdrgravy@me.com,yellow,,19,,
99,ianbuck@att.net,green,,6,,
100,rwelty@hotmail.com,green,,17,,
101,dbindel@aol.com,blue,,16,,
102,henkp@hotmail.com,blue,,9,,
103,tromey@verizon.net,green,,24,,
104,debest@sbcglobal.net,yellow,,8,,
105,fhirsch@aol.com,green,,8,,
106,qmacro@icloud.com,white,,10,,
107,jpflip@gmail.com,green,,20,,
108,xtang@sbcglobal.net,green,,6,,
109,mcnihil@aol.com,blue,,8,,
110,draper@verizon.net,yellow,,17,,
111,saridder@yahoo.com,yellow,,3,,
112,lstaf@sbcglobal.net,white,,17,,
113,dhwon@comcast.net,red,,17,,
114,lstaf@comcast.net,green,,6,,
115,doche@att.net,green,,3,,
116,inico@verizon.net,yellow,,13,,
117,carreras@sbcglobal.net,green,,14,,
118,imightb@optonline.net,green,,4,,
119,sinkou@optonline.net,green,,16,,
120,adillon@yahoo.ca,yellow,,33,,
121,tkrotchko@yahoo.ca,green,,9,,
122,bolow@gmail.com,yellow,,20,,
123,oneiros@sbcglobal.net,red,,13,,
124,rtanter@outlook.com,yellow,,11,,
125,afeldspar@msn.com,white,,11,,
126,rnewman@comcast.net,red,,11,,
127,pkilab@me.com,green,,10,,
128,snunez@comcast.net,yellow,,5,,
129,improv@icloud.com,white,,8,,
130,oevans@comcast.net,blue,,6,,
131,dieman@sbcglobal.net,yellow,,20,,
132,denism@comcast.net,white,,29,,
133,bjornk@mac.com,green,,11,,
134,tellis@verizon.net,green,,6,,
135,euice@aol.com,green,,21,,
136,moinefou@icloud.com,green,,14,,
137,fukuchi@live.com,green,,20,,
138,avalon@aol.com,black,,16,,
139,yumpy@aol.com,green,,14,,
140,jrkorson@live.com,blue,,12,,
141,barlow@mac.com,black,,9,,
142,grothoff@optonline.net,yellow,,10,,
143,chrisk@hotmail.com,green,,15,,
144,jelmer@gmail.com,black,,4,,
145,scarlet@mac.com,green,,16,,
146,onestab@me.com,red,,26,,
147,kevinm@verizon.net,blue,,20,,
148,jshearer@gmail.com,blue,,17,,
149,fmerges@att.net,white,,4,,
150,rtanter@outlook.com,green,,32,,
151,odlyzko@att.net,blue,,18,,
152,keutzer@hotmail.com,green,,23,,
153,rande@msn.com,white,,12,,
154,inico@outlook.com,blue,,11,,
155,lamky@live.com,white,,4,,
156,imightb@sbcglobal.net,yellow,,19,,
157,camenisch@verizon.net,black,,8,,
158,parkes@verizon.net,green,,12,,
159,wbarker@outlook.com,white,,10,,
160,muadip@optonline.net,green,,14,,
161,mglee@aol.com,white,,6,,
162,shaffei@gmail.com,green,,3,,
163,sriha@icloud.com,green,,6,,
164,heidrich@mac.com,red,,14,,
165,specprog@outlook.com,green,,4,,
166,cmdrgravy@hotmail.com,green,,7,,
167,fwiles@yahoo.ca,green,,14,,
168,gavinls@sbcglobal.net,green,,6,,
169,martink@outlook.com,yellow,,17,,
170,punkis@gmail.com,green,,15,,
171,gknauss@sbcglobal.net,green,,19,,
172,yenya@sbcglobal.net,black,,14,,
173,jugalator@me.com,green,,11,,
174,lbaxter@sbcglobal.net,blue,,19,,
175,parsimony@msn.com,green,,12,,
176,ralamosm@msn.com,yellow,,6,,
177,solomon@verizon.net,green,,14,,
178,kronvold@gmail.com,white,,25,,
179,lauronen@yahoo.com,red,,12,,
180,rupak@att.net,red,,18,,
181,sartak@sbcglobal.net,black,,16,,
182,tjensen@att.net,green,,36,,
183,gemmell@mac.com,red,,28,,
184,agolomsh@me.com,white,,4,,
185,kosact@me.com,white,,8,,
186,drhyde@optonline.net,yellow,,15,,
187,galbra@me.com,white,,34,,
188,grothoff@mac.com,yellow,,18,,
189,heine@optonline.net,yellow,,17,,
190,ranasta@comcast.net,green,,11,,
191,makarow@outlook.com,yellow,,3,,
192,keutzer@me.com,green,,11,,
193,hling@outlook.com,white,,31,,
194,drezet@comcast.net,green,,8,,
195,amichalo@live.com,green,,11,,
196,biglou@outlook.com,green,,17,,
197,petersen@yahoo.ca,blue,,4,,
198,adamk@verizon.net,white,,6,,
199,fangorn@msn.com,white,,12,,
200,carmena@me.com,green,,28,,
201,aaribaud@me.com,green,,5,,
202,dsugal@live.com,green,,12,,
203,heidrich@optonline.net,black,,16,,